prn,elevation_deg,azimuth_deg,range_m
10,73.6099,61.008,2.04035e+07
32,65.6241,326.892,2.08207e+07
28,44.3762,201.224,2.17013e+07
23,40.3143,112.071,2.18903e+07
21,27.3646,307.206,2.36318e+07
25,20.2968,115.616,2.34971e+07
31,17.8337,206.815,2.37482e+07
2,17.0421,317,2.4443e+07
12,15.2726,80.2425,2.40122e+07
24,7.41269,42.2144,2.47263e+07
18,6.12996,165.486,2.50078e+07
